stem,count
python,887
use,641
code,544
using,532
like,499
file,470
would,400
want,372
get,350
one,309
need,305
way,292
data,291
list,278
also,270
function,252
py,247
example,227
work,221
could,213
time,211
run,206
line,203
first,198
x,197
c,195
following,195
make,184
trying,178
something,177
problem,170
error,166
see,165
new,164
files,164
script,158
create,154
string,154
know,153
module,153
try,145
class,144
value,141
django,139
set,139
method,137
test,136
program,135
instead,134
two,133
help,132
object,132
values,132
works,132
find,131
read,127
user,126
output,124
server,123
name,122
path,122
version,121
used,119
case,116
question,115
however,113
directory,113
think,113
write,113
call,112
add,111
tried,109
really,108
http,108
simple,107
number,106
array,105
text,104
app,102
solution,102
working,101
sure,101
update,101
without,99
e,99
may,98
found,96
since,95
answer,94
different,94
able,93
dictionary,92
thanks,92
library,92
variable,91
look,91
loop,90
n,89
even,89
seems,89
still,89
input,87
much,87
com,86
note,86
os,85
documentation,85
running,84
possible,83
install,82
html,82
project,82
windows,81
check,81
b,81
probably,81
table,81
another,81
package,81
return,80
command,80
well,80
might,80
good,80
memory,79
key,78
lines,78
best,78
application,78
process,78
edit,78
print,77
system,77
dict,76
change,76
end,76
based,76
form,76
docs,74
go,73
api,73
put,73
result,73
type,73
request,72
import,72
https,71
every,68
order,68
right,68
main,68
query,67
better,67
thread,65
actually,64
given,64
installed,64
multiple,63
understand,63
lists,63
web,63
model,63
start,62
things,62
already,61
tests,61
instance,61
called,61
numpy,61
url,61
getting,60
page,60
default,60
part,60
say,59
looks,59
give,59
index,59
looking,59
none,59
please,58
org,57
access,57
packages,56
second,56
always,56
fine,56
pass,56
many,55
done,55
copy,55
option,55
issue,54
self,53
either,53
means,53
specific,53
block,53
etc,53
single,53
bit,52
xml,52
reading,52
takes,52
g,52
modules,51
current,51
lot,51
format,51
last,50
take,50
window,50
uses,50
database,49
thing,48
language,48
returns,48
anything,48
objects,48
column,48
site,48
going,48
inside,47
though,47
created,47
little,47
show,47
size,47
wrong,47
structure,47
results,47
within,46
build,46
google,46
csv,46
approach,46
defined,46
writing,46
available,46
elements,46
original,46
view,46
far,46
similar,46
pretty,46
idea,45
back,45
anyone,45
easy,45
point,45
functions,44
idle,44
image,44
less,44
lib,44
folder,44
via,44
root,43
rather,43
times,43
basically,43
small,42
setup,42
true,42
got,42
creating,42
character,42
remove,41
must,41
faster,41
task,41
github,41
keep,40
runs,40
threads,40
cannot,40
environment,40
information,40
tuple,40
button,40
level,40
source,40
open,39
libraries,39
methods,39
strings,39
variables,39
numbers,39
around,39
post,38
argument,38
directly,38
standard,38
non,38
custom,38
quite,38
sort,38
json,38
rows,38
load,37
several,37
link,37
items,37
makes,37
search,37
pattern,37
exception,37
step,37
tell,37
let,37
arguments,37
sys,36
classes,36
gives,36
separate,36
making,36
client,36
replace,36
context,36
contains,35
options,35
expression,35
figure,35
kind,35
performance,35
generate,34
document,34
examples,34
r,34
exactly,34
message,34
virtualenv,33
sample,33
execute,33
convert,33
long,33
learn,33
characters,33
syntax,33
keys,33
needs,33
enough,33
correct,33
achieve,33
currently,32
element,32
row,32
place,32
local,32
celery,32
stuff,32
tasks,32
solve,32
calls,32
views,32
real,31
seem,31
mean,31
log,31
hard,31
include,31
simply,31
field,31
large,31
updated,31
operation,31
save,31
template,31
item,31
least,31
everything,31
info,31
tool,30
easier,30
empty,30
maybe,30
gui,30
control,30
adding,30
properly,30
common,30
arrays,29
java,29
else,29
attribute,29
handle,29
series,29
space,29
believe,29
statement,29
flask,29
support,29
store,29
nothing,29
wanted,29
ok,28
dataframe,28
php,28
requests,28
calling,28
www,28
txt,28
event,27
written,27
regex,27
gevent,27
postgres,27
address,27
define,27
pythonic,27
machine,27
reference,27
particular,27
someone,27
id,27
avoid,27
reason,27
three,27
interpreter,27
missing,27
columns,27
worked,27
title,27
product,26
select,26
said,26
whole,26
rest,26
passed,26
problems,26
containing,26
processes,26
testing,26
response,26
fields,26
easily,26
scripts,26
full,26
map,26
required,26
added,26
sphinx,26
port,26
matrix,26
gets,26
allow,26
advance,25
others,25
users,25
names,25
whether,25
ways,25
match,25
framework,25
cpu,25
disk,25
interface,25
points,25
provide,25
linux,25
src,25
efficient,25
guess,24
course,24
general,24
thus,24
automatically,24
follows,24
db,24
comments,24
goes,24
instances,24
shell,24
built,24
parse,24
foo,24
content,24
str,24
unix,24
sql,24
appreciated,24
setting,24
pip,24
multiprocessing,24
handler,24
along,24
tag,24
admin,23
dicts,23
likely,23
come,23
equal,23
apply,23
thank,23
parameter,23
tutorial,23
consider,23
parallel,23
basic,23
images,23
learning,23
password,23
urls,23
count,23
implementation,23
needed,23
split,23
cache,23
wrote,23
never,23
fixed,22
sorted,22
regular,22
implement,22
modified,22
allows,22
insert,22
made,22
pdf,22
move,22
big,22
display,22
length,22
follow,22
send,22
changed,22
engine,22
perform,22
yet,22
sets,22
details,22
correctly,22
wondering,22
anyway,22
versions,22
settings,22
hope,21
per,21
group,21
fact,21
append,21
top,21
across,21
behavior,21
website,21
programming,21
bar,21
assuming,21
bytes,21
dictionaries,21
lambda,21
implemented,21
languages,21
contents,21
expect,21
doc,21
scope,21
net,21
types,21
integers,21
existing,21
git,21
slow,20
zero,20
exist,20
base,20
ideas,20
stored,20
operations,20
false,20
answers,20
except,20
modify,20
templates,20
fix,20
widgets,20
old,20
require,20
core,20
delimiter,20
next,20
related,20
models,20
shape,20
forms,20
pool,20
ip,20
target,20
header,20
left,20
named,20
outside,20
clear,20
wsgi,20
network,20
commands,20
comprehension,20
projects,20
date,20
speed,20
extra,20
recommend,20
z,20
shows,20
pointers,20
expected,19
difficult,19
parameters,19
development,19
normal,19
global,19
position,19
operator,19
__init__,19
iterate,19
although,19
pyinstaller,19
almost,19
itertools,19
proper,19
happens,19
difference,19
matplotlib,19
cases,19
suggest,19
requires,19
comes,19
apache,19
player,19
integer,19
service,19
game,19
redis,19
merge,19
mentioned,19
static,18
processing,18
generally,18
plot,18
short,18
redirect,18
features,18
section,18
mysql,18
fast,18
additional,18
ruby,18
actual,18
generator,18
errors,18
range,18
enter,18
assign,18
f,18
loops,18
push,18
click,18
appropriate,18
pypi,18
twice,18
queue,18
counter,18
usually,18
changes,18
expressions,18
zip,18
unless,18
configuration,18
doxygen,18
whenever,18
great,17
specify,17
binary,17
reads,17
provides,17
free,17
latest,17
mode,17
suggested,17
executed,17
installation,17
raise,17
ask,17
says,17
returned,17
larger,17
raw,17
design,17
widget,17
thinking,17
generated,17
otherwise,17
p,17
sum,17
later,17
certain,17
subprocess,17
amazon,17
dev,17
instructions,17
en,17
repo,17
indices,17
js,17
issues,17
shown,17
extract,17
saying,17
people,17
compile,16
tuples,16
label,16
addition,16
complete,16
perhaps,16
retrieve,16
events,16
bash,16
absolute,16
seen,16
sense,16
connection,16
manage,16
close,16
final,16
formatting,16
returning,16
definition,16
book,16
updates,16
backend,16
fail,16
solutions,16
action,16
processor,16
yes,16
int,16
side,16
trick,16
important,16
np,16
multi,16
execution,16
depending,16
pipeline,16
bad,16
nice,16
manually,16
links,15
hash,15
special,15
lxml,15
frame,15
solved,15
due,15
exe,15
socket,15
together,15
compare,15
seconds,15
prints,15
lots,15
auth,15
login,15
traceback,15
compute,15
day,15
clients,15
computer,15
whatever,15
contain,15
comment,15
specifically,15
structures,15
installing,15
alternative,15
compatible,15
exists,15
appengine,15
checking,15
appreciate,15
sudo,15
useful,15
finally,15
unit,15
considered,15
job,15
receive,15
valid,15
record,15
obvious,14
successfully,14
mention,14
automatic,14
io,14
generic,14
optional,14
advantage,14
dynamically,14
started,14
nested,14
finding,14
usage,14
authentication,14
effect,14
words,14
happening,14
determine,14
status,14
tkinter,14
limit,14
experience,14
unfortunately,14
slightly,14
looked,14
creates,14
keyword,14
gae,14
turns,14
produce,14
merged,14
cause,14
tested,14
thought,14
essentially,14
fails,14
location,14
overhead,14
ssh,14
starting,14
console,14
color,14
ms,14
controller,14
corresponding,14
provided,14
places,13
layout,13
remote,13
share,13
filename,13
proxy,13
trouble,13
cookie,13
axis,13
style,13
exec,13
attributes,13
changing,13
intended,13
deploy,13
came,13
def,13
driver,13
beginning,13
score,13
stat,13
systems,13
completely,13
connect,13
perfectly,13
terms,13
compiler,13
plug,13
practice,13
explicitly,13
knows,13
equivalent,13
comparison,13
evaluate,13
specified,13
configure,13
workers,13
communication,13
fairly,13
various,13
property,13
questions,13
steps,13
high,13
cr,13
longer,13
wxpython,13
decimal,13
pygame,13
patterns,13
prefer,13
im,13
__name__,13
dot,13
necessary,13
sorry,13
hello,13
javascript,13
directories,13
arbitrary,13
assume,13
pandas,13
head,13
passing,13
folders,12
checks,12
outputs,12
tags,12
requested,12
loaded,12
scipy,12
official,12
production,12
somewhere,12
sounds,12
device,12
nodes,12
terminal,12
__main__,12
mechanism,12
parser,12
helper,12
removed,12
df,12
delete,12
algorithm,12
opening,12
inputs,12
ends,12
includes,12
explicit,12
stuck,12
wx,12
recently,12
understanding,12
demo,12
config,12
entirely,12
taking,12
produces,12
generates,12
lower,12
filter,12
handling,12
wish,12
wait,12
integration,12
kwargs,12
improve,12
properties,12
dataset,12
programs,12
updating,12
box,12
entry,12
interested,12
failed,12
session,12
worth,12
quick,12
checked,12
explain,12
internal,12
cpython,12
exact,12
supports,12
importing,12
hidden,12
tables,12
stack,12
minutes,12
digits,12
appear,12
readability,12
logging,12
plugin,12
seaborn,12
becomes,12
mac,12
couple,12
broken,11
duplicate,11
play,11
occurs,11
according,11
lets,11
blank,11
account,11
blocks,11
aware,11
recursive,11
bug,11
separated,11
tools,11
gpl,11
loading,11
join,11
sub,11
fork,11
ubuntu,11
parent,11
resulting,11
jupyter,11
plt,11
handlers,11
readable,11
browser,11
pep,11
storage,11
choice,11
followed,11
pick,11
elif,11
extension,11
paths,11
entire,11
fit,11
pydev,11
usb,11
somewhat,11
simpler,11
advice,11
curl,11
heroku,11
happen,11
vs,11
math,11
pythonpath,11
ran,11
printed,11
coming,11
timestamp,11
requirements,11
hence,11
dynamic,11
child,11
therefore,11
yaml,11
debug,11
ipython,11
building,11
ever,11
straightforward,11
mapping,11
third,11
encoding,11
css,11
visual,11
scale,11
byte,11
ascii,11
pexpect,11
worker,11
often,11
myapp,11
egg,11
benefit,11
pixels,11
turn,11
prompt,11
desired,11
mostly,11
remember,11
groupby,11
double,10
win,10
threading,10
l,10
sequence,10
my_edit,10
break,10
groups,10
red,10
round,10
lock,10
stdout,10
hand,10
figured,10
mind,10
draw,10
purpose,10
obtain,10
lookup,10
dummy,10
yields,10
notice,10
ins,10
operating,10
tree,10
future,10
greatly,10
handles,10
gensim,10
cells,10
refers,10
upload,10
helpful,10
dir,10
power,10
standalone,10
interactive,10
matching,10
spaces,10
success,10
fill,10
domain,10
ensure,10
choices,10
successful,10
random,10
timing,10
dont,10
indeed,10
chain,10
happened,10
u,10
stackoverflow,10
feel,10
suggestions,10
rank,10
frameworks,10
life,10
asking,10
queries,10
helps,10
us,10
cell,10
complicated,10
generating,10
catch,10
rid,10
width,10
dimension,10
relative,10
tk,10
precedence,10
h,10
normally,10
matched,10
run_c,10
alternatively,10
parsing,10
deep,10
consuming,10
behind,9
word,9
resource,9
notebook,9
supposed,9
inner,9
obviously,9
linear,9
sends,9
hashable,9
recent,9
logical,9
continue,9
anaconda,9
supervisor,9
reasons,9
depends,9
notation,9
representation,9
preferred,9
hi,9
platform,9
managed,9
null,9
vectors,9
latter,9
easiest,9
init,9
active,9
love,9
magic,9
previous,9
pointing,9
reasonable,9
supervisord,9
collections,9
piece,9
combination,9
higher,9
ready,9
opinion,9
attempt,9
whose,9
wiki,9
kernel,9
len,9
devices,9
jenkins,9
manager,9
matches,9
localhost,9
suppose,9
oracle,9
confused,9
software,9
ignore,9
definitely,9
virtual,9
shared,9
subject,9
imports,9
permutations,9
sometimes,9
workaround,9
slice,9
management,9
dimensions,9
ajax,9
wrapper,9
letter,9
boolean,9
pairs,9
k,9
conda,9
guessing,9
args,9
multiplication,9
condition,9
become,9
functionality,9
configured,9
graph,9
max,9
stop,9
warning,9
pull,9
username,9
jobs,9
feature,9
ironpython,9
parts,9
comparing,9
main_window,9
privileges,9
pcl,9
choose,9
resources,9
upon,9
wants,9
duplicates,9
states,9
connections,9
suggestion,9
interesting,9
gave,9
total,9
four,9
asked,9
situation,9
fancy,9
matter,9
initialize,9
slower,9
caching,9
elegant,9
immediately,9
release,9
branch,9
replacement,8
resolution,8
programmatically,8
escape,8
buildpack,8
qt,8
force,8
vector,8
height,8
gtk,8
meta,8
email,8
val,8
sent,8
dependency,8
indexes,8
state,8
body,8
usual,8
complex,8
pointer,8
sockets,8
minute,8
home,8
including,8
seeing,8
matlab,8
recursion,8
adds,8
temporary,8
possibly,8
encode,8
machines,8
suspect,8
glade,8
explanation,8
track,8
jpype,8
perl,8
pygtk,8
cross,8
creation,8
logic,8
especially,8
invoke,8
compiled,8
known,8
ide,8
repeated,8
recommended,8
download,8
interpolation,8
sleep,8
indent,8
bind,8
pickle,8
designed,8
replaced,8
buttons,8
host,8
trivial,8
despite,8
meet,8
bunch,8
involves,8
forward,8
today,8
sequences,8
searching,8
behaviour,8
clearly,8
assignment,8
dealing,8
constant,8
plain,8
construct,8
aggregation,8
curious,8
decorator,8
appears,8
playing,8
computing,8
manual,8
duration,8
references,8
callable,8
goal,8
relevant,8
dependencies,8
executes,8
necessarily,8
elsewhere,8
downloaded,8
ended,8
usr,8
sqlalchemy,8
argv,8
entries,8
token,8
half,8
applies,8
uwsgi,8
care,8
conversion,8
saving,8
zone,8
drop,8
extremely,8
reduce,8
simplest,8
serial,8
op,8
quickstart,8
failure,8
considering,8
area,8
unicode,8
fully,8
executing,8
precision,8
headers,8
putting,8
poll,8
trigger,8
pages,8
complexity,8
w,8
live,8
supported,8
represent,8
unable,8
objective,8
away,8
spreadsheet,8
snippet,8
recursively,8
grid,8
writes,8
years,8
months,7
apps,7
breaking,7
distance,7
openpyxl,7
procedure,7
separately,7
cx_freeze,7
author,7
days,7
optimization,7
union,7
assigned,7
cost,7
beautifulsoup,7
initialized,7
flag,7
starts,7
moving,7
serialization,7
throw,7
trace,7
lost,7
dimensional,7
exit,7
broker,7
resize_file,7
matrices,7
iteration,7
master,7
node,7
subplot,7
capture,7
upgrade,7
causes,7
timeout,7
frames,7
gobject,7
openerp,7
ie,7
gunicorn,7
products,7
tweet,7
microsoft,7
direction,7
rawqueryset,7
enum,7
environ,7
edges,7
mod_python,7
utf,7
fastsnmpy,7
labyrinth,7
encoded,7
menu,7
external,7
cassandra,7
timings,7
agree,7
constructor,7
embedding,7
knowing,7
clean,7
png,7
saved,7
whitespace,7
showing,7
season,7
queryset,7
test_module,7
locals,7
validation,7
imported,7
argparse,7
received,7
bridge,7
boto,7
col,7
advanced,7
amount,7
uncertainties,7
identity,7
logs,7
report,7
blog,7
maintain,7
year,7
took,7
bytecode,7
linked,7
refactoring,7
relatively,7
partial,7
visible,7
concatenate,7
dtd,7
oldest,7
phone,7
boost,7
easy_install,7
pypy,7
quote,7
pair,7
exceptions,7
leave,7
private,7
globals,7
throws,7
accept,7
ui,7
included,7
__file__,7
personal,7
statements,7
ideal,7
combine,7
wcf,7
converted,7
moment,7
lookups,7
leading,7
indicates,7
blob,7
namespace,7
behave,7
idx_cell,7
delimiters,7
c_raw,7
moves,7
frequent,7
deprecated,7
fits,7
unique,7
endian,7
selected,7
copying,7
bottom,7
abc,7
subclass,7
guido,7
vertica,7
attributeerror,7
djangoproject,7
mistake,7
accepted,6
cat,6
pointed,6
pixel,6
imp,6
samples,6
online,6
eg,6
accomplish,6
setuptools,6
cloud,6
documented,6
listing,6
man,6
change_objects,6
personally,6
concept,6
sending,6
upper,6
fruits,6
screenshot,6
limited,6
talk,6
unsure,6
receiving,6
deleted,6
regardless,6
whereas,6
located,6
orthogonal,6
basis,6
harder,6
deal,6
smart,6
comboboxes,6
corpus,6
dic,6
fedora,6
anymore,6
somehow,6
conf,6
green,6
gnu,6
pre,6
background,6
linalg,6
direct,6
suited,6
quotes,6
worm,6
handled,6
edited,6
mb,6
letters,6
mvc,6
grep,6
asp,6
term,6
lack,6
simplified,6
observer,6
editor,6
ram,6
taken,6
popen,6
involved,6
white,6
technique,6
conditions,6
answered,6
chunks,6
replacing,6
released,6
eclipse,6
utility,6
nltk,6
article,6
spacy,6
media,6
okay,6
players,6
mine,6
logged,6
specifying,6
svn,6
detail,6
inotify,6
seek,6
potentially,6
newline,6
computation,6
combobox,6
finance,6
physical,6
quickly,6
simplicity,6
mess,6
subsequent,6
centos,6
bbb,6
scores,6
offset,6
hack,6
cgi,6
identify,6
assembly,6
coding,6
bot,6
amd,6
is_authenticated,6
simultaneously,6
possibilities,6
protocol,6
float,6
ccc,6
anywhere,6
valueerror,6
item_info,6
wikipedia,6
native,6
opposed,6
hammer,6
defines,6
codes,6
libs,6
invalid,6
scrapy,6
unittest,6
huge,6
services,6
pd,6
finished,6
individual,6
setdefault,6
attachment,6
chat,6
extend,6
portable,6
semi,6
inserting,6
sqlite,6
yahoo,6
performant,6
ddd,6
ansible,6
testenv,6
ones,6
interpreted,6
bin,6
interfaces,6
storing,6
installer,6
j,6
scroll,6
episode,6
shall,6
xpath,6
lang,6
implicit,6
detailed,6
similarly,6
doubt,6
efficiently,6
minimum,6
builtin,6
fpol,6
netrc,6
nearly,6
hour,6
repr,6
override,6
rc,6
mask,6
functional,6
thats,6
causing,6
uid,6
executable,6
possibility,6
heavily,6
accessing,6
spot,6
public,6
plotting,6
copies,6
particularly,6
raw_input,6
concurrency,6
nose,6
lt,6
fastest,6
pkg_resources,6
tutorials,6
export,6
downloading,6
giving,6
servers,6
pyglet,6
selection,6
anybody,6
pythontidy,6
aaa,6
replaces,6
evaluation,6
improved,6
perfect,6
shorter,6
meaning,6
developers,6
decode,6
dll,6
struggling,6
distutils,6
hopefully,6
streaming,6
layer,6
rename,6
divide,6
plan,6
priority,6
credentials,6
detect,6
resolved,6
osx,6
ability,6
calendar,5
jpg,5
applications,5
wonder,5
chainmap,5
ocr,5
talking,5
mybytearray,5
suite,5
listbox,5
archive,5
clock,5
signals,5
license,5
decided,5
selenium,5
dialog,5
stdin,5
person,5
odo,5
solving,5
respect,5
past,5
engines,5
mentions,5
card,5
conftest,5
fun,5
wrap,5
describes,5
additionally,5
performed,5
described,5
dropping,5
surface,5
implementations,5
webpage,5
doable,5
processors,5
approaches,5
tail,5
tries,5
raised,5
picture,5
watch,5
eventually,5
spec,5
die,5
ironruby,5
stores,5
architecture,5
datetime,5
bugs,5
confusing,5
jython,5
guide,5
identical,5
truncated,5
distribute,5
smaller,5
initial,5
dx,5
certainly,5
addresses,5
selects,5
mv,5
ios,5
intermediate,5
tiny,5
coalesce,5
psutil,5
loads,5
metadata,5
curve,5
overriding,5
environments,5
attached,5
contrib,5
reliable,5
posted,5
permissions,5
iterable,5
randomly,5
flow,5
primal,5
previously,5
research,5
applied,5
popular,5
occurrence,5
calculations,5
login_required,5
asks,5
alternatives,5
dat,5
posting,5
artificial,5
opencv,5
quoted,5
oriented,5
sources,5
company,5
referenced,5
gain,5
mongodb,5
anyusername,5
stderr,5
older,5
urllib,5
consistency,5
deployment,5
components,5
cool,5
distinction,5
presentation,5
binaries,5
sikuli,5
spent,5
occur,5
presumably,5
expecting,5
register,5
fair,5
coded,5
scan,5
ascending,5
restart,5
happy,5
castles,5
conventions,5
channel,5
pyside,5
compared,5
light,5
routine,5
pyaws,5
gil,5
route,5
stream,5
moved,5
besides,5
twisted,5
eventlet,5
calculation,5
developing,5
beginner,5
late,5
importerror,5
doctest,5
everyone,5
filesystem,5
begins,5
realize,5
generation,5
collection,5
wins,5
filtering,5
requestcontext,5
requiring,5
neither,5
familiar,5
searched,5
cached,5
orm,5
dependent,5
overall,5
regards,5
clause,5
tells,5
tend,5
pipelines,5
desktop,5
meant,5
catalog,5
cartesian,5
appending,5
developer,5
decide,5
luck,5
implementing,5
runnable,5
attachments,5
forgot,5
q,5
buffer,5
my_list,5
ord,5
guard,5
getpass,5
primary,5
distributed,5
purposes,5
accesses,5
nginx,5
parallelize,5
xmlrpclib,5
operators,5
consumption,5
materialized,5
apt,5
spyder,5
records,5
controls,5
splitting,5
precise,5
assumed,5
configparser,5
locate,5
helped,5
grab,5
connected,5
pymongo,5
minor,5
rt,5
ideally,5
readlink,5
performs,5
documents,5
worry,5
knowledge,5
hardly,5
etree,5
corner,5
somebody,5
internet,5
container,5
hit,5
sublime,5
cores,5
gitpython,5
risk,5
redshift,5
descending,5
develop,5
messages,5
xxx,5
validate,5
imshow,5
containers,5
pdfs,5
begin,5
team,4
formed,4
embed,4
implements,4
flex,4
ignored,4
major,4
prevent,4
locations,4
sign,4
guy,4
wrappers,4
lucene,4
energy,4
delhi,4
concatenation,4
saw,4
went,4
convenience,4
feels,4
rst,4
sec,4
movie,4
measuring,4
decomposition,4
spark,4
drive,4
declarative,4
screen,4
throwing,4
unhashable,4
recording,4
refreshes,4
reset,4
anyways,4
gotten,4
communicate,4
abuse,4
pdb,4
dateutil,4
powershell,4
accordingly,4
practices,4
rrule,4
average,4
spawn,4
inserted,4
raising,4
apis,4
enable,4
wshttpbinding,4
stick,4
inserts,4
unknown,4
replicas,4
echo,4
algorithms,4
newbie,4
concurrent,4
contained,4
sse,4
imagine,4
combinations,4
clearer,4
factor,4
onto,4
hacky,4
querying,4
coordinates,4
cloning,4
cheers,4
wont,4
subdirectories,4
suggesting,4
sampling,4
hours,4
sender,4
imo,4
copied,4
typically,4
expectation,4
pop,4
plugins,4
refer,4
locking,4
denotes,4
heavy,4
counts,4
comboboxselect,4
finishes,4
underscores,4
relies,4
threaded,4
afterwards,4
training,4
lazy,4
soon,4
ex,4
mock,4
movies,4
hhh,4
apple,4
tricky,4
ttk,4
impossible,4
derived,4
troubles,4
advantages,4
pythonhome,4
bindings,4
has_key,4
symbolic,4
enums,4
amazing,4
turtle,4
chose,4
furthermore,4
origin,4
emacs,4
square,4
waiting,4
reshape,4
entering,4
indented,4
comfortable,4
endpoint,4
tagged,4
positive,4
differently,4
checkbox,4
modern,4
blendshape,4
structured,4
indicate,4
optimize,4
modification,4
utils,4
test_reduce,4
rarely,4
typing,4
incremental,4
datastore,4
browsers,4
ffmpeg,4
iterating,4
concat,4
week,4
padding,4
watching,4
scikit,4
attempting,4
unchecked,4
dispatch,4
programmers,4
scheme,4
ajaxterm,4
autocomplete,4
check_output,4
created_at,4
awesome,4
ultimately,4
printing,4
launch,4
originally,4
wide,4
cygwin,4
stable,4
conditional,4
six,4
redirecting,4
glob,4
responses,4
suitable,4
slider,4
mainprocess,4
transpose,4
world,4
expects,4
comet,4
outcome,4
databases,4
bound,4
timeit,4
challenge,4
visualize,4
fan,4
panel,4
press,4
extensions,4
yield,4
phoenix,4
pywsgi,4
shtools,4
constraint,4
listen,4
brief,4
launching,4
hosted,4
blue,4
pvm,4
verify,4
annoying,4
slicing,4
internals,4
serializing,4
escaped,4
represents,4
urlopen,4
blocking,4
suddenly,4
constructed,4
filled,4
looping,4
scripting,4
proceed,4
lead,4
respectively,4
represented,4
vary,4
lazysignup,4
manner,4
spend,4
createsuperuser,4
calculating,4
tcp,4
greater,4
culprit,4
masked,4
ufuncs,4
among,4
excel,4
extending,4
readlines,4
student,4
classic,4
rewrite,4
concerned,4
parentheses,4
sentence,4
depend,4
combine_n,4
neighbors,4
finds,4
skip,4
gb,4
forum,4
svg,4
metaclasses,4
gz,4
focus,4
connecting,4
ticker,4
dates,4
highly,4
quit,4
howto,4
attach,4
migrations,4
formats,4
boilerplate,4
guys,4
levenshtein,4
fuzzy,4
manipulation,4
bring,4
trailing,4
appropriately,4
symlink,4
picos,4
pure,4
classification,4
cycle,4
rails,4
passes,4
renamed,4
breaks,4
prime,4
pyd,4
disadvantage,4
aws,4
linking,4
infinite,4
digit,4
tkagg,4
entity,4
trajectory,4
variation,4
debian,4
drawing,4
pagination,4
attack,4
bigger,4
computers,4
liner,4
rely,4
removing,4
algebra,4
transfer,4
van,4
gid,4
front,4
typed,4
differences,4
truth,4
converting,4
sake,4
metaclass,4
placeholder,4
iterators,4
fibonacci,4
saves,4
callback,4
editing,4
smooth,4
unpack,4
attacks,4
variations,4
runtime,4
reach,4
repeat,4
eol,4
soup,4
diagonal,4
chance,4
var,4
effort,4
mat,4
keywords,4
bitbucket,4
textctrl,4
binding,4
br,4
btn_clicked,4
money,4
unirest,4
incorrect,4
dropped,4
async,4
literal,4
rossum,4
hosting,4
extended,4
adapted,4
facing,4
raises,4
totally,4
alarm,4
clicking,4
notification,4
pack,4
plots,4
overlap,4
transformed,4
packaging,4
rgb,4
shutil,4
submit,4
pickling,4
argsort,4
receives,4
pyshell,4
forwarded,4
submission,4
accessible,4
poster,4
sparse,4
evaluated,4
mod_wsgi,4
openoffice,4
respond,4
de,4
registered,4
apparently,4
parsed,4
wheel,4
dist,4
sound,4
accepts,4
reducing,4
treat,4
methoda,4
parses,4
newer,4
strict,4
batch,4
carbon,4
significant,3
signed,3
pydoctor,3
timer,3
tastypie,3
effectively,3
holds,3
hat,3
innosetup,3
params,3
brain,3
majority,3
trunk,3
improvement,3
computed,3
classify,3
university,3
confuse,3
plus,3
magnitude,3
requirement,3
awk,3
balancing,3
situations,3
organized,3
installed_apps,3
pylinter,3
beside,3
messy,3
programmer,3
interrupts,3
shallow,3
my_layout,3
clone,3
triggered,3
expensive,3
noticed,3
gcc,3
measure,3
conn_max_age,3
canonical,3
multipart,3
fnmatch,3
concepts,3
preferably,3
probability,3
fourth,3
hold,3
maintenance,3
apart,3
bowlsk,3
turning,3
embedded,3
reader,3
friends,3
treated,3
rpc,3
describe,3
mappings,3
deli,3
basics,3
encountered,3
rabbitmq,3
foo_test,3
zipped,3
shorthand,3
assumes,3
constantly,3
low,3
existent,3
feasible,3
interaction,3
bcd,3
offer,3
season_not_found,3
pyc,3
joseph,3
sensitive,3
encrypted,3
uri,3
importlib,3
laptop,3
closing,3
avro,3
month,3
playlist,3
pybrain,3
temp,3
walk,3
intend,3
crop,3
signalling,3
explained,3
demonstrate,3
affect,3
mentioning,3
stub,3
subplots,3
qobj,3
fetch,3
wall,3
transcripts,3
losing,3
urlconf,3
calculate,3
subfolder,3
proposed,3
counting,3
submitted,3
pipes,3
naming,3
csr_matrix,3
wanting,3
debugging,3
recurrence,3
colors,3
stock,3
stacks,3
displaying,3
temp_dir,3
argue,3
sized,3
translation,3
jquery,3
ipc,3
modem,3
accurate,3
expense,3
idy,3
wizard,3
docstrings,3
idx,3
demonstration,3
signaling,3
throughput,3
warm,3
wherever,3
varchar,3
backward,3
serious,3
capabilities,3
twitter,3
ama,3
untrusted,3
foreign,3
showed,3
resolve,3
inline,3
xhtml,3
divided,3
ahead,3
factory,3
patch,3
planning,3
miss,3
absolutely,3
altogether,3
dry,3
contact,3
instantiating,3
terrible,3
nesting,3
homework,3
zeromq,3
unresolved,3
ought,3
__getitem__,3
listens,3
loss,3
schema,3
indication,3
preserve,3
visited,3
sizes,3
independently,3
beyond,3
simplify,3
stands,3
depth,3
inverse,3
typo,3
unlikely,3
listed,3
rights,3
sh,3
seriously,3
hyperterminal,3
convention,3
reg_no,3
defaults,3
pm,3
fileinput,3
stay,3
paste,3
qr,3
cheap,3
releases,3
afaik,3
organization,3
hits,3
tweak,3
incompatible,3
nicely,3
href,3
shortcut,3
monitor,3
formula,3
effective,3
outer,3
removes,3
migration,3
modifying,3
profile,3
attempted,3
efficiency,3
present,3
streamhandler,3
interrupt,3
mainly,3
requesting,3
idutils,3
tabbed,3
strange,3
reconsider,3
fd,3
picked,3
offers,3
mib,3
context_processors,3
witch,3
cut,3
warnings,3
messing,3
pulled,3
nr,3
hosts,3
steven,3
newlines,3
platforms,3
lf,3
spawns,3
crazy,3
useless,3
translate,3
xp,3
optimizing,3
basichttpbinding,3
concise,3
toolkit,3
matutils,3
vx,3
myprogram,3
ii,3
sort_order,3
obtained,3
consist,3
division,3
profiler,3
outdated,3
jaro,3
seteuid,3
equals,3
wrapping,3
determined,3
libsvm,3
remaining,3
techniques,3
consult,3
youtube,3
dill,3
associated,3
coordinator,3
told,3
odd,3
tweaking,3
switches,3
film,3
unravel_index,3
shift,3
abstract,3
evaluates,3
equation,3
addsample,3
center,3
forth,3
abspath,3
writer,3
encryption,3
mixed,3
cant,3
varies,3
progressbar,3
islice,3
daughter,3
â,3
strip,3
jan,3
qubit,3
switched,3
dictfetchall,3
subset,3
fewer,3
hooks,3
learned,3
kill,3
understood,3
excellent,3
renders,3
snmp,3
david,3
nettcpbinding,3
disable,3
sensible,3
transposed,3
topic,3
heard,3
pylint,3
highlighting,3
ez_setup,3
phrase,3
advise,3
sitting,3
somelist,3
concatenating,3
explains,3
prove,3
satisfy,3
sharing,3
ftp,3
established,3
encounter,3
fetchall,3
slowdown,3
chris,3
frequency,3
headnodeid,3
chains,3
incoming,3
mysqldb,3
pageone,3
buffering,3
cdt,3
forget,3
hint,3
switching,3
nuitka,3
entered,3
projectname,3
interest,3
declaring,3
extensively,3
maximum,3
sorting,3
earlier,3
lan,3
whichever,3
view_form,3
analysis,3
solaris,3
aspx,3
machinery,3
reuse,3
loc,3
speak,3
readers,3
qlistwidget,3
usable,3
stupid,3
arg,3
doctor,3
pieces,3
telegram,3
reusable,3
super,3
staticmethod,3
flexible,3
relational,3
lay,3
aim,3
inspired,3
formatter,3
mk,3
consecutive,3
pathlib,3
oblivion,3
assertcountequal,3
occurred,3
strongly,3
specification,3
avoids,3
forked,3
compiling,3
independent,3
rietveld,3
methodb,3
sufficient,3
performing,3
codepoints,3
jun,3
accounts,3
frontend,3
security,3
authenticated,3
oh,3
hitting,3
stumble,3
manipulate,3
consistent,3
controllers,3
surprising,3
inherit,3
elementtree,3
community,3
failing,3
corresponds,3
classical,3
comma,3
preprocessor,3
sheets,3
decoded,3
resize_file_main,3
enjoy,3
pros,3
lapack,3
backwards,3
filepath,3
obj,3
guarantee,3
levels,3
extensive,3
alert,3
commit,3
flatten,3
docstring,3
myworkspace,3
middle,3
opens,3
hoping,3
func,3
managers,3
classifier,3
flat,3
repository,3
robin,3
plc,3
introduced,3
straight,3
collect,3
fwiw,3
discussion,3
parallelization,3
jo,3
seemed,3
decorators,3
restrictions,3
overview,3
dark,3
overwriting,3
increased,3
switch,3
shared_data,3
progress,3
observable,3
jinja,3
pcs,3
scenarios,3
cython,3
conclude,3
shoes,3
tabula,3
pac,3
ca,3
undefined,3
vague,3
temporarily,3
iterations,3
btw,3
tar,3
declared,3
oop,3
executables,3
puts,3
pseudo,3
instruction,3
precisely,3
tab,3
noob,3
selecting,3
schedule,3
convenient,3
rough,3
region,3
gdata,3
vy,3
someapp,3
literally,3
newly,3
utilities,3
enabled,3
closest,3
sse_request,3
dresses,3
pagecontrol,3
gpled,3
indexing,3
lunch,3
ssl,3
devel,3
sooner,3
enumerate,3
hacks,3
consequence,3
hook,3
thrown,3
felt,3
articles,3
keyboard,3
minus,3
readline,3
worried,3
registration,3
zipfile,3
recipe,3
architectures,3
listening,3
fit_generator,3
qlistwidgets,3
rock,3
adhere,3
technology,3
spreadsheets,3
audio,3
invoked,3
redirects,3
colour,3
ctrl,3
apologies,3
early,3
touch,3
powerset,3
regarding,3
areas,3
rules,3
redirect_uri,3
repositories,3
waste,3
locally,3
printf,3
refresh,3
proprietary,3
render,3
ordering,3
behaves,3
customize,3
ed,3
displays,3
ef,3
sync,3
dirname,3
quicker,3
opened,3
zmq,3
eye,3
floating,3
calculated,3
giant,3
inv,3
recognize,3
homepage,3
agg,3
distribution,3
significantly,3
njobs,3
tostring,3
brackets,3
autodoc,3
angles,3
topics,3
beautiful,3
textbox,3
fundamentally,3
typical,3
keeping,3
sorts,3
fly,3
polling,3
multiline,3
cli,3
noted,3
halt,3
introduce,3
pulls,3
nov,3
land,3
books,3
alter,3
scratch,3
detects,3
libevent,3
accuracy,3
suggests,3
carry,3
acts,3
apples,3
recommends,3
editable,3
maps,3
mutable,3
soap,3
ps,3
vectorized,3
call_args_list,3
coverage,3
mailing,3
toplevel,3
parenthesis,3
restful,3
proof,3
dirty,3
confuses,3
firefox,3
honest,3
inefficient,3
remain,3
returndocument,3
scales,3
nsbeep,3
speaking,3
optimized,3
age,3
db_type,3
tight,3
delivery,3
fix_it,3
odbc,3
recall,3
qtcreator,2
trust,2
restore,2
primes,2
daily,2
wtforms,2
died,2
stackless,2
slight,2
party,2
ls,2
my_app,2
hundreds,2
ellipsis,2
studio,2
symlinks,2
killing,2
__module__,2
frequently,2
heirarchy,2
billion,2
setter,2
swapping,2
checkout,2
claim,2
get_form,2
arrange,2
deformer,2
social,2
versatile,2
computes,2
growing,2
jclass,2
reviews,2
maintainable,2
capturing,2
destroy,2
jack,2
brand,2
acceptable,2
compose,2
nbconfig,2
isolate,2
knife,2
pil,2
normalize,2
parquet,2
pybbio,2
mail,2
adjacent,2
upcoming,2
killed,2
pathos,2
hints,2
cuts,2
mimic,2
cron,2
johnson,2
assembler,2
mws,2
deploys,2
modal,2
mesh,2
ping,2
unpacking,2
potential,2
pain,2
periodically,2
black,2
discard,2
drawings,2
dt,2
semidefinite,2
beep,2
deployed,2
runalltests,2
errno,2
fixtures,2
measurable,2
instantly,2
__repr__,2
la,2
nobies,2
fetchone,2
consequently,2
__eventvalidation,2
div,2
uart,2
sdk,2
directed,2
clips,2
sourceforge,2
allready,2
mcollective,2
act,2
school,2
visit,2
merely,2
limits,2
subdirectory,2
linea,2
password_reset_email,2
boa,2
autodesk,2
tounicode,2
formulae,2
symbols,2
submodules,2
rendered,2
partition,2
mistaken,2
yesterday,2
libffi,2
anonymoususer,2
titles,2
tide,2
assertitemsequal,2
fastcgi,2
succeeds,2
getsockname,2
editbox,2
expose,2
rdbms,2
distinct,2
compilers,2
destination,2
achieving,2
assert,2
edits,2
interprocess,2
localtime,2
min,2
cluster,2
permission,2
attributed,2
folks,2
involve,2
openssl,2
stepping,2
generators,2
burger,2
unquoted,2
mytextcompleter,2
crimson,2
cleanup,2
students,2
reverse,2
decorated,2
hettinger,2
clueless,2
frustrating,2
pivot_table,2
founder,2
reluctant,2
interpretation,2
ylabel,2
enjoying,2
pcapy,2
interpret,2
credit,2
jpeg,2
indentation,2
plenty,2
foobar,2
plaintext,2
fantastic,2
smallest,2
clusters,2
unipath,2
retweet,2
refrence,2
attempts,2
whatismyip,2
principles,2
extracting,2
silly,2
initializing,2
hyphens,2
semantics,2
spec_from_file_location,2
bits,2
oxford,2
querysets,2
micro,2
module_name,2
heck,2
benefits,2
carefully,2
mutate,2
declare,2
tvmegasite,2
unbound,2
oserror,2
realtime,2
hood,2
downside,2
makefile,2
__foo,2
assumption,2
regularly,2
biermeester,2
weakness,2
sees,2
existence,2
consumes,2
principle,2
kw,2
combining,2
consumed,2
summarize,2
saturate,2
dom,2
givenname,2
kb,2
god,2
ethernet,2
lookahead,2
initui,2
operate,2
secs,2
chart,2
scopes,2
eggs,2
responsibility,2
superior,2
reproduced,2
pythoscope,2
toc,2
signup,2
finite,2
listdir,2
latitude,2
tracked,2
identifier,2
limitations,2
letting,2
bold,2
recognized,2
recognizes,2
compilation,2
atomic,2
speech,2
cocoa,2
strategy,2
intermediary,2
lda,2
argvalue,2
psample,2
auto_now,2
networking,2
withdraw,2
signal,2
pc,2
integrate,2
preserving,2
markup,2
filehandle,2
xmlrpc,2
daemon,2
administrative,2
profiled,2
suppress,2
historic,2
decision,2
games,2
merging,2
my_btn,2
extends,2
compares,2
logger,2
firewall,2
websockets,2
covers,2
maintained,2
asterisks,2
requesthandler,2
backlog,2
robbins,2
benchmarks,2
mark,2
lemmatization,2
builds,2
reloading,2
convey,2
pymad,2
approximate,2
lose,2
watch_directories,2
overkill,2
productform,2
overflow,2
pivot,2
swap,2
recipes,2
pymc,2
extras,2
confirm,2
kid,2
datatype,2
consists,2
on_click,2
regexp,2
grown,2
practical,2
form_class,2
reached,2
otherfunction,2
monkey,2
brute,2
gsview,2
employees,2
neat,2
pops,2
near,2
sophisticated,2
ugly,2
playlists,2
videos,2
completed,2
solid,2
env,2
writers,2
samsung,2
popping,2
modifications,2
gmt,2
passwords,2
universal,2
candidate,2
grouped,2
trickier,2
scheduling,2
param,2
iferror,2
mon,2
ref,2
__dict__,2
staale,2
protecting,2
reinstall,2
workflow,2
clarify,2
served,2
underlying,2
substrings,2
upgrading,2
gcs,2
specifier,2
dragon,2
contract,2
pyperclip,2
findcontours,2
dy,2
greenlets,2
awards,2
decisions,2
messagebox,2
crash,2
mktime,2
combined,2
prototype,2
harmonics,2
bracket,2
phase,2
scenes,2
gist,2
instantiated,2
acquire,2
indexed,2
thousand,2
__new__,2
grayscale,2
latency,2
_get_response,2
worst,2
awful,2
vertical,2
nasty,2
my_label,2
billy,2
nmake,2
intro,2
conflicts,2
cons,2
launched,2
integrated,2
air,2
briefly,2
tons,2
freehackers,2
mscvrt,2
crashes,2
qtablewidget,2
enters,2
packaged,2
handful,2
encounters,2
admins,2
transmitted,2
draws,2
vision,2
bytearray,2
chinese,2
sony,2
pending,2
incorrectly,2
experimentation,2
validated,2
preference,2
indicated,2
grouping,2
cmdline,2
flaw,2
award,2
sit,2
rstrip,2
negative,2
bundles,2
linearly,2
invoking,2
glance,2
lambdas,2
thinks,2
deepcopy,2
authenticate,2
secure,2
pooling,2
prompting,2
codecs,2
substring,2
internalerror,2
ordinary,2
ouput,2
hashtable,2
testscript,2
illustrate,2
get_or_create,2
programme,2
setuid,2
yappi,2
tel,2
ten,2
installs,2
detecting,2
rate,2
__setitem__,2
daniel,2
convertxyz,2
blas,2
ships,2
routines,2
hostname,2
memcached,2
assigns,2
safe,2
tracking,2
highlights,2
costs,2
qgis,2
datetimefield,2
taskbar,2
integerfield,2
definitions,2
footprint,2
cold,2
displayed,2
minimize,2
qutip,2
compatibility,2
snmpbulkwalk,2
episodes,2
kdbx,2
pyspark,2
showcontainer,2
commandline,2
dedicated,2
hardest,2
ibm,2
actions,2
quotechar,2
angle,2
immidiately,2
httpd,2
sampled,2
marker,2
pythonchallenge,2
driven,2
lies,2
downloads,2
abcdefg,2
pyinotify,2
friend,2
test_client,2
locks,2
mainloop,2
forwarding,2
xx,2
cpus,2
chances,2
immune,2
carl,2
gnumeric,2
converts,2
cars,2
natural,2
rebuilding,2
viable,2
sandbox,2
increase,2
inputformat,2
es,2
yeah,2
trip,2
exiting,2
ufunc,2
redirected,2
quest_list,2
oakleys,2
constants,2
suffice,2
strangely,2
balancer,2
xyz,2
representing,2
substitution,2
nicer,2
turned,2
aside,2
hackish,2
renaming,2
maya,2
timestep,2
board,2
theoretically,2
knew,2
recurse,2
thx,2
testcase,2
kept,2
pasting,2
evil,2
ons,2
wav,2
lowest,2
inspect,2
styles,2
hth,2
maintaining,2
fragile,2
canvas,2
seemingly,2
tailnodeid,2
erosion,2
seperate,2
templating,2
squares,2
rotoworks,2
holding,2
refactor,2
encrypt,2
distributions,2
guessed,2
xlabel,2
skiprows,2
appdef,2
separator,2
tommy,2
router,2
redirection,2
occasionally,2
price,2
ravel_multi_index,2
numeric,2
__call__,2
instantiation,2
initialiser,2
helping,2
ctf,2
latin,2
technical,2
triggering,2
lstat,2
initially,2
led,2
citing,2
nick,2
retained,2
passable,2
became,2
video,2
arbitrarily,2
allauth,2
ending,2
shortcuts,2
continues,2
uploaded,2
contiguous,2
viewitems,2
thin,2
xcb,2
__deepcopy__,2
exec_,2
rowsinserted,2
rotation,2
everytime,2
aiff,2
vms,2
interoperable,2
produced,2
googleapis,2
userid,2
loglevel,2
æ,2
realized,2
uploads,2
execv,2
tied,2
bars,2
allowing,2
achieved,2
delay,2
bare,2
usernames,2
guest,2
young,2
cde,2
myfile,2
logfile,2
inbuilt,2
breakpoint,2
hometown,2
notregistered,2
unsorted,2
maxlen,2
creator,2
bb,2
arrives,2
measurements,2
pertinent,2
mmmm,2
pickup,2
edge,2
surprised,2
parents,2
untouched,2
extracted,2
bell,2
pycon,2
shorten,2
fire,2
shotwell,2
ints,2
span,2
keepass,2
columnx,2
pxssh,2
larsmans,2
backends,2
googled,2
fresh,2
pi,2
pl,2
app_server,2
transferring,2
scraps,2
amqp,2
pyserial,2
repeatedly,2
char,2
timetuple,2
orderable,2
sections,2
mature,2
verification,2
vendors,2
wraps,2
indexerror,2
shortened,2
skipped,2
geometry,2
supervisorctl,2
fixture,2
shell_exec,2
some_path,2
beware,2
symbol,2
kiddo,2
mainwindow,2
helpers,2
recognition,2
asynchronously,2
caveats,2
syncdb,2
oses,2
helloworld,2
desc,2
th,2
cedar,2
tf,2
leaving,2
serialise,2
maxscript,2
__lt__,2
xea,2
pysoundfile,2
explore,2
mass,2
update_columnx,2
accumulate,2
urlpatterns,2
cmd,2
expanding,2
slowest,2
emulate,2
darker,2
aa,2
desirable,2
rule,2
eof,2
anonymous,2
september,2
ad,2
en_nlp,2
lately,2
trials,2
resort,2
partitions,2
migrate,2
watched,2
construction,2
someline,2
overlapping,2
tricks,2
specifiers,2
raymond,2
greedy,2
cleaned,2
entities,2
tokenizer,2
automate,2
deals,2
refactored,2
fallback,2
segment,2
jul,2
notes,2
lazyuser,2
to_char,2
filealarm,2
teach,2
respective,2
imho,2
misunderstand,2
bother,2
some_var,2
populate,2
dictkey,2
trade,2
shortest,2
nifty,2
vice,2
autoc,2
insight,2
clicked,2
gbk,2
lookbehind,2
hardware,2
screenshots,2
vm,2
vb,2
includeexceptiondetailinfaults,2
graphics,2
tsv,2
utilizing,2
notify,2
infobox,2
contrast,2
installations,2
allocated,2
cs,2
november,2
story,2
gui_rec,2
interact,2
shapes,2
interpolate,2
headache,2
verbose,2
slowness,2
rectangles,2
bryan,2
remains,2
equality,2
classobj,2
restarts,2
correction,2
rubyish,2
addressed,2
authors,2
dave,2
hudson,2
downgrade,2
individually,2
resize,2
shifted,2
overcomplicated,2
remembering,2
xml_catalog_files,2
played,2
unexpected,2
preferable,2
abstraction,2
eh,2
alongside,2
import_file,2
rho,2
bash_profile,2
__copy__,2
deleting,2
towards,2
pretend,2
inode,2
plays,2
experiment,2
pkgutil,2
resource_stream,2
fri,2
minimizes,2
sentences,2
event_stream,2
ioerror,2
filesize,2
catching,2
hovering,2
pyqt,2
buildpacks,2
hierarchy,2
responds,2
feed,2
simplifies,2
decent,2
clumsy,2
computations,2
fetches,2
fa,2
get_context_data,2
exclude,2
iterates,2
district,2
callbacks,2
squid,2
rect,2
volume,2
charfield,2
serialisation,2
pintable,2
pulling,2
cursor,2
submitting,2
quantum,2
suds,2
statically,2
modelform,2
resizes,2
align,2
capability,2
wand,2
tune,2
writeable,2
pyobjc,2
theory,2
porting,2
leap,2
alpha,2
positions,2
analyzing,2
pasta,2
exc_info,2
dumps,2
queues,2
guarantees,2
tick,2
docker,2
five,2
resetting,2
remote_addr,2
underscore,2
speeds,2
statistics,2
variants,2
channels,2
presume,2
pdfkit,2
motionless,2
bonus,2
weird,2
excluding,2
iterparse,2
heredoc,2
voteform,2
minimal,2
distributable,2
describing,2
lineterminator,2
experienced,2
rs,2
raspberry,2
whoosh,2
escapechar,2
subtract,2
inplace,2
terminology,2
jeremy,2
sheet,2
ids,2
simulation,2
nonrel,2
conflict,2
quiz_id,2
startpage,2
polymorphic,2
plausible,2
inheritance,2
eval,2
english,2
referencing,2
traverse,2
clarification,2
keeps,2
yml,2
config_file,2
compact,2
iterator,2
nature,2
wave,2
succeeded,2
thingiamlookingfor,2
pagetwo,2
restriction,2
criteria,2
feedback,2
injection,2
uninstalling,2
posts,2
myscript,2
amounts,2
googling,2
sessions,2
runner,2
nan,2
assigning,2
unsigned,2
supply,2
pyinstall,2
rapid,2
insights,2
wallets,2
longitude,2
rpi,2
werkzeug,2
icon,2
eligible,2
closer,2
deques,2
closed,2
kinds,2
solves,2
rerun,2
quantity,2
lol,2
nicest,2
conclusion,2
commonly,2
workbooks,2
foreignkey,2
notifications,2
discovered,2
avail,2
precompile,2
alltests,2
multiply,2
qgroupbox,2
commented,2
statuses,2
dictfetchone,2
dtype,2
hardcoded,2
combo,2
execfile,2
namely,2
forcing,2
turbogears,2
figuring,2
timezone,2
apologise,2
readthedocs,2
osafoundation,2
liste,2
chips,2
role,2
selectfield,2
django_migrations,2
recorded,2
typeerror,2
backspace,2
rebuild,2
bet,2
pumps,2
interoperability,2
watchdog,2
allocate,2
whereclause,2
quandl,2
cnn,2
ldap_username,2
invokes,2
backup,2
alone,2
hsl,2
pypa,2
tabs,2
blame,2
minidom,2
poor,2
fundamental,2
registry,2
apparent,2
jon,2
cookies,2
snippets,2
hyphen,2
learner,2
tokenization,2
everywhere,2
strong,2
nameerror,2
population,2
prefix,2
forever,2
increasing,2
reporter,2
gif,2
goodness,2
asc,2
alas,2
versa,2
mapped,2
iterated,2
appname,2
uniq,2
permutation,2
notebooks,2
mycmd,2
subclassing,2
period,2
barcode,2
truly,2
snd,2
hanging,2
blackberry,2
terminated,2
httpfile,2
obtaining,2
stays,2
surrounded,2
coordinate,2
happygui,2
bluetooth,2
authoring,2
semantic,2
eliminate,2
slide,2
exposed,2
safely,2
dvhh,2
ratio,2
hlt,2
cards,2
multithreaded,2
mutating,2
posix,2
keras,2
activestate,2
bravia,2
elixir,1
trait,1
ethread,1
tuto,1
dbname,1
unidecode,1
setq,1
createbitmapfromimage,1
chars,1
import_module,1
idxmax,1
vlines,1
bottlepy,1
sitemap,1
_get_segment,1
outliers,1
executive,1
camenergydatalab,1
hinted,1
pleas,1
leader,1
invalid_block_tag,1
householder,1
adapting,1
arises,1
disclaimer,1
friendliness,1
dealt,1
retro,1
pcolormesh,1
fileinputformat,1
analyses,1
comparisons,1
resultant,1
tortuous,1
subsequently,1
analyze,1
mikko,1
quadratic,1
alecxe,1
boot,1
artifacts,1
wufesifasa,1
bool,1
lone,1
mock_calls,1
respected,1
bsddb,1
clicks,1
cur_combo,1
incompetence,1
numbered,1
buildout,1
noises,1
datatypes,1
differencies,1
caller,1
worthwhile,1
abcd,1
squeeze,1
reserved,1
tensorflow,1
material,1
reconstructed,1
contradictory,1
malicious,1
sequentially,1
avoided,1
regression,1
imagedatagenerator,1
reporting,1
barring,1
serialnumber,1
col_limit,1
multipart_encode,1
insertlayout,1
ternary,1
appearance,1
arcgis,1
splits,1
load_streams,1
pymysql,1
coupling,1
train,1
relaunch,1
lsusb,1
simon,1
getters,1
elegent,1
visualizing,1
correspond,1
episode_number,1
trows,1
pyro,1
revisited,1
overlay,1
cherrypy,1
wanna,1
pyedit,1
gobjects,1
suffers,1
neural,1
juno,1
ambiguous,1
pingerpy,1
customizing,1
addons,1
hazzle,1
mondrian,1
builder,1
swear,1
purely,1
theses,1
curtain,1
branches,1
interestinly,1
visualized,1
anyhow,1
rec,1
unclear,1
filenew,1
walkreporter,1
adminsplitdatetime,1
approached,1
canopy,1
eleventh,1
visualizer,1
accent,1
getcontext,1
grain,1
april,1
kwds,1
boil,1
reversed,1
fk_name,1
restrict_xpaths,1
afterward,1
render_to_response,1
situational,1
magically,1
chmod,1
subdirecty,1
rtfm,1
sock_stream,1
matrix_rank,1
seas_no,1
rep,1
amda,1
idiomatic,1
oranges,1
beeing,1
charts,1
withdrawn,1
amadan,1
rpm,1
random_seed,1
aggfunc,1
full_name,1
xlrd,1
ambiguity,1
pygments,1
subscribe,1
exporting,1
modpython,1
laravel,1
check_list,1
subsets,1
iot,1
trivia,1
concactenate,1
queried,1
mix,1
refreshing,1
reset_index,1
udp,1
pips,1
paramiko,1
celeryproject,1
neighboring,1
completes,1
pipe,1
candidates,1
return_document,1
diagnostics,1
devtools,1
goals,1
subtracting,1
syntaxerror,1
playbook,1
tidy,1
curves,1
ancient,1
bisect,1
jaime,1
admin_media_prefix,1
prepended,1
frustrated,1
gather,1
st_size,1
strace,1
transcript,1
preliminary,1
eight,1
workbook,1
linker,1
reaches,1
rearranged,1
closes,1
myproject,1
improvements,1
blit,1
afraid,1
truncating,1
concerns,1
modula,1
puppet,1
poll_files,1
cycled,1
violating,1
lands,1
svnbook,1
li,1
scaler,1
resorting,1
willing,1
scaled,1
alarm_type,1
freenode,1
elaborating,1
pythons,1
feb,1
isinstance,1
fishing,1
mfr,1
percent,1
camel,1
realised,1
kröger,1
firstly,1
dan,1
mongoalchemy,1
approx,1
commenting,1
_fast_trace_task,1
assure,1
wsaeaddrnotavail,1
pyedit_pythontidy,1
pushing,1
breakthroughs,1
leak,1
hourly,1
unavailable,1
ai,1
makemigrations,1
concisely,1
capital,1
mymodule,1
smoothly,1
wonders,1
winkler,1
lg,1
eprocess,1
msft,1
aardvark,1
lc,1
nedd,1
swallow,1
busted,1
boon,1
ln,1
unpacked,1
certian,1
einstein,1
rias,1
crawling,1
cloudstorage,1
whilst,1
scrollbar,1
dual,1
equvilent,1
possibities,1
windowstaysontophint,1
constraints,1
positional,1
instance_dict,1
ipcluster,1
edit_traits,1
intellij,1
ptys,1
filepickerctrl,1
webpages,1
constructing,1
caches,1
your_token,1
covered,1
defining,1
customizewindowhint,1
honestly,1
interrupted,1
pythoning,1
daemontools,1
augment,1
dlls,1
__getitem_,1
assumptions,1
disagree,1
privileged,1
incl,1
warned,1
cint,1
panning,1
member,1
restructures,1
enumeration,1
copiesofcopies,1
sic,1
struggled,1
administrator,1
sarnold,1
demonstrates,1
avg,1
tack,1
refrenced,1
admittedly,1
explanatory,1
gevent_pywsgi,1
rae,1
animation,1
ans,1
pro,1
notfounderror,1
unbroken,1
tooo,1
modelled,1
framerate,1
leaking,1
incur,1
abandoning,1
frankly,1
alan,1
dropmimedata,1
null_javascript_catalog,1
ton,1
xxxxxx,1
iteratorars,1
slope,1
centrally,1
favor,1
showwarning,1
zetcode,1
breakpoints,1
timegm,1
sumif,1
printable,1
fastgraph,1
scissors,1
latex,1
pyenv,1
falls,1
toy,1
cope,1
iam,1
pyrex,1
millions,1
populates,1
mathieularose,1
bsd,1
__key__,1
tklistautowidth,1
realistic,1
is_html_escaped,1
slides,1
functioality,1
qualified,1
yourjson,1
happenes,1
anbother,1
reputation,1
primitive,1
ep_no,1
begun,1
distributor,1
extra_text,1
insist,1
shedding,1
satisfiable,1
redhat,1
__radd__,1
associates,1
thoroughly,1
adequately,1
_tasks,1
sendmessage_wrapper,1
thorough,1
subproc,1
brandon,1
sunrise,1
interative,1
lighten,1
directorys,1
prereq,1
persons,1
drives,1
granted,1
participant,1
xytest,1
drawback,1
my_param,1
shadows,1
einsum,1
irrespective,1
alex,1
cast,1
superhost,1
spirit,1
filling,1
arose,1
modes,1
yimg,1
snmpwalk,1
button_click_event,1
correcting,1
energydatasimulationchallenge,1
kills,1
peps,1
_setitem,1
overlapped,1
magical,1
captured,1
guides,1
behavioural,1
celeryd_max_tasks_per_child,1
justify,1
inability,1
irrelevant,1
cranny,1
moo,1
wakari,1
multiplied,1
reproducible,1
activerecord,1
netsnmp,1
configurations,1
review,1
pcolorfast,1
nextthread,1
ignores,1
correctness,1
naked,1
fileno,1
corrections,1
ssd,1
devlopment,1
scoped,1
qubits,1
text_cnn,1
classically,1
detected,1
turkey,1
dongle,1
werner,1
novices,1
colons,1
quiet,1
numerical,1
kicking,1
lafor,1
acquiring,1
reaction,1
coma,1
fiddling,1
enterprise,1
pks,1
player_leave,1
pyisntaller,1
tie,1
tip,1
confident,1
labix,1
standardscaler,1
trim,1
qweb,1
cxfreeze,1
uncommon,1
craft,1
dep_,1
paging,1
portions,1
strangest,1
ugliest,1
commutative,1
nt,1
nu,1
varying,1
scatter_matrix,1
resample,1
layered,1
hammers,1
is_superuser,1
leads,1
start_response,1
tic,1
roi,1
p_tool,1
timeseries,1
webserver,1
preceding,1
pymodinit_func,1
blazingly,1
sustained,1
surfarray,1
heap,1
uploading,1
repiklis,1
alarms,1
alabama,1
hyper,1
informative,1
clash,1
excerpt,1
proposes,1
grades,1
zoom,1
melting,1
libs_cffi_backend,1
judge,1
casting,1
shortly,1
meyer,1
harmful,1
transform,1
boardsize,1
hear,1
niggles,1
medium,1
erratically,1
pyramid,1
httprequest,1
undocumented,1
accommodate,1
puzzle,1
ahk,1
ppa,1
memory_profiler,1
modwsgi,1
unfamiliar,1
selectdatewidget,1
standards,1
heuristical,1
backslash,1
criticized,1
amazons,1
simplehttpserver,1
hrojas,1
failed_to_parse_request_body,1
thousands,1
ahve,1
misreading,1
toolbox,1
chartrecord,1
equivalents,1
masnun,1
reworking,1
occurance,1
mixture,1
secured,1
differents,1
boards,1
inform,1
radio,1
interactively,1
docopt,1
unbelievably,1
representations,1
select_from,1
chipotle,1
mod_apache,1
tapies,1
delays,1
current_load_source,1
begs,1
zipping,1
chapter,1
prev,1
mse,1
makespec,1
newnode,1
reiterate,1
confusion,1
windowflags,1
news,1
faced,1
reply,1
delimited,1
interstitial,1
reinstalling,1
obsolete,1
contextmanager,1
pmw,1
inet_http_server,1
discovery,1
noticeable,1
msg,1
num,1
habit,1
msn,1
roadmap,1
recieve,1
prec,1
gevent_wsgi,1
disturbing,1
rethink,1
continually,1
codeplex,1
wrecking,1
avro_inputformat,1
dumb,1
navigation,1
silverlight,1
ultimate,1
finder,1
architect,1
measures,1
partially,1
heisenbug,1
wise,1
mypath,1
cropped,1
datepicker,1
randint,1
hopelessly,1
xtest,1
banging,1
cleaner,1
doesnâ,1
rpcinterface,1
dang,1
tvdb_seasonnotfound,1
jsp,1
server_default,1
loewenherz,1
submits,1
urljoin,1
doesnt,1
simulating,1
dilation,1
temp_lists,1
traditional,1
exes,1
quorum,1
sharex,1
biggest,1
probabilistic,1
bus,1
seasons,1
doubly,1
albeit,1
investigate,1
pin,1
patching,1
bazillion,1
serverproxy,1
experimenting,1
differ,1
augmented,1
lineno,1
discrete,1
wondered,1
realising,1
monocle,1
gameserver,1
gun,1
searchable,1
preregister,1
get_json,1
circuit,1
saxutils,1
claiming,1
initializer,1
circus,1
luckily,1
pig,1
piz,1
corporation,1
utilization,1
as_p,1
appends,1
appfiletest,1
execnet,1
ナ,1
chiastic,1
ding,1
factorization,1
total_watt,1
shrink,1
frozen,1
resolves,1
painless,1
colornames,1
viola,1
hadoop,1
lengths,1
test_,1
rohan,1
demos,1
disappointing,1
concurrently,1
svnlook,1
seasources,1
theres,1
overrides,1
impede,1
olders,1
robust,1
adn,1
omit,1
backgroundfinal,1
theorem,1
positionally,1
exclusively,1
voila,1
intervals,1
stateless,1
competitive,1
polled,1
throwaway,1
testp,1
stating,1
abcde,1
__hash__,1
discontinuities,1
activity,1
conception,1
textfiles,1
solr,1
importers,1
succeed,1
sole,1
clean_myfield,1
soln,1
numerous,1
learnt,1
fullscreen,1
justin,1
art,1
cringe,1
vincent,1
enumfield,1
relying,1
libraties,1
sweet,1
est,1
hail,1
hair,1
stolen,1
recommendation,1
tight_layout,1
demand,1
matplotlibrc,1
cheapest,1
__update__,1
sws,1
reduction,1
clocks_per_sec,1
screwed,1
dug,1
hate,1
needless,1
replacements,1
asynchronous,1
websites,1
wife,1
textfile,1
complications,1
recognise,1
bounded,1
requested_episode_number,1
unindexed,1
key_word,1
tb,1
idiom,1
stumbled,1
mo,1
temp_list,1
mt,1
pth,1
m_,1
alt,1
preview,1
worse,1
incorporate,1
distributing,1
activities,1
guyrutenberg,1
atlee,1
siblings,1
jessie,1
breathe,1
item_to_be_found,1
autogen,1
subtotals,1
createbitmap,1
naive,1
spends,1
applying,1
read_pdf_table,1
amongst,1
commment,1
description,1
jumping,1
redid,1
rummy,1
gvr,1
bootstrap,1
stops,1
slick,1
summing,1
divvy,1
literals,1
loosely,1
joking,1
coords,1
_,1
gate,1
oo,1
wasteful,1
regard,1
itâ,1
strictly,1
normalised,1
testworker,1
lastly,1
curses,1
worksheet,1
unordered,1
alternaticely,1
perused,1
discusses,1
stand,1
formatters,1
get_key,1
django_settings_module,1
getserverproxy,1
retested,1
influenced,1
protects,1
savitzkygolay,1
gcf,1
parrot,1
v,1
pyusb,1
upgrate,1
sluggo,1
println,1
unpythonic,1
possiblity,1
stacktrace,1
guidelines,1
grabbing,1
oschina,1
textentry,1
clientthread,1
whatsoever,1
whereever,1
aligns,1
reconfiguring,1
pprint,1
hierarchical,1
axesimage,1
qlabel,1
on_work_done,1
sucking,1
incurs,1
disabled,1
developed,1
interpolations,1
prefers,1
estimates,1
page_id,1
__import__,1
functioning,1
discern,1
teachers,1
sut,1
crush,1
ticks,1
deeply,1
translating,1
load_module,1
十,1
anycase,1
contexts,1
leaves,1
lisp,1
unlike,1
seeks,1
segmentation,1
dereferenced,1
lesser,1
surrounding,1
printsec,1
sticking,1
shining,1
exited,1
tag_,1
registration_id,1
supplied,1
hide,1
tilman,1
equations,1
directions,1
supposedly,1
revolves,1
systematic,1
portion,1
providers,1
matthew,1
genetic,1
lu,1
recurring,1
adopted,1
sortable,1
cvs,1
suport,1
intranet,1
oberserver,1
excessively,1
tenor,1
code_test,1
highlighter,1
joekington,1
digging,1
worksheets,1
my_ord,1
android,1
tkroot,1
mailchimp,1
check_call,1
functionalities,1
newest,1
clocks,1
autocompletion,1
transparent,1
lattice,1
crack,1
whateverpage,1
increases,1
apologize,1
cd,1
collecting,1
dba,1
spelled,1
cvblobs,1
viewed,1
get_form_kwargs,1
wikidump,1
reloader,1
worldwide,1
responsecode,1
placement,1
fullstop,1
face,1
ddollar,1
maddeningly,1
painting,1
dependant,1
cc,1
pause,1
jar,1
listener,1
mertz,1
edition,1
packed,1
wire,1
trycatch,1
serviceframework,1
bulkwalk,1
ramp,1
newbies,1
ci,1
co,1
mutexes,1
nvm,1
indications,1
decoding,1
relationships,1
deepspace,1
ceases,1
spin,1
clock_per_sec,1
endings,1
season_number,1
summarizes,1
__table_args__,1
tagging,1
cabling,1
lazysignup_user_model,1
chef,1
specs,1
consisting,1
flush,1
hamishmcn,1
empty_lines_in_values,1
metaphorically,1
protection,1
mergedict,1
study,1
mutagen,1
itemattributes,1
bettered,1
aka,1
ee_vin,1
respresenting,1
popenspawn,1
kinematics,1
formating,1
wholly,1
arrayfun,1
user_profile_set__district__name,1
weblogs,1
breakout,1
maven,1
posterity,1
stage,1
chrome,1
whistles,1
muck,1
resposne,1
spots,1
frustration,1
appfile,1
morphers,1
howtos,1
idnumber,1
placed,1
rightly,1
contribute,1
graphical,1
replica,1
basictext,1
inc,1
variety,1
monday,1
dismantle,1
statementinvalid,1
disjunction,1
ndarray,1
manyone,1
shrinks,1
listeners,1
blackjack,1
unzip,1
create_object,1
responsefactory,1
ago,1
tailored,1
consumer,1
illustrates,1
bomb,1
centers,1
tspan,1
multicore,1
dislike,1
subscription,1
postings,1
indicating,1
signupview,1
revision,1
mixing,1
categories,1
padded,1
experiencing,1
race,1
licensed,1
alphanumeric,1
doxypy,1
licenses,1
victor,1
directive,1
expressed,1
consistently,1
simpliest,1
千,1
preventing,1
samplecode,1
suit,1
consensus,1
myappname,1
sheesh,1
preprocessors,1
on_mouse_press,1
bd,1
modulesfiles,1
relating,1
aswell,1
computational,1
openmaya,1
troubleshooting,1
spam,1
spending,1
blueprint,1
edwards,1
considerably,1
perplex,1
lint,1
atom,1
considerable,1
cin,1
maturity,1
un,1
orgmode,1
deformable,1
surpassing,1
comming,1
loadtxt,1
fixing,1
interleaving,1
implementable,1
__add__,1
factored,1
awards_used,1
chosen,1
dispose,1
billiard,1
traverses,1
mwormser,1
elementary,1
arguements,1
borderline,1
mandrill,1
hive,1
with_entities,1
unwieldy,1
surely,1
_setdata,1
gathered,1
find_module,1
pathname,1
repeats,1
blown,1
programmatic,1
owned,1
occurrences,1
owner,1
blows,1
nyse,1
documentâ,1
pylget,1
behaved,1
painful,1
idvendor,1
myprog,1
comms,1
erasing,1
punch,1
octave,1
ctp,1
expandresults,1
rdd,1
proxying,1
toolz,1
thorws,1
certificate,1
illegal,1
mydir,1
zib,1
givens,1
structs,1
isomorphism,1
portability,1
reproduce,1
fulfill,1
report_grep,1
uncompressed,1
comedy,1
overridden,1
await,1
delimiting,1
preferring,1
tempvariable,1
robot,1
redundant,1
counted,1
becouse,1
separates,1
cured,1
shobhit,1
presented,1
altering,1
defacto,1
recursing,1
htc,1
push_handlers,1
repetitive,1
joão,1
sharey,1
dlr,1
shares,1
uniform,1
sequential,1
supporting,1
inspiring,1
dbcc,1
printsomedata,1
pillow,1
marked,1
merge_two_dicts,1
market,1
surnames,1
envelope,1
clue,1
postgresql,1
organizations,1
graphic,1
cap,1
cam,1
posing,1
terminate,1
jvm,1
bobeirasa,1
read_csv,1
restructuring,1
outofmemoryerror,1
horizon,1
alembic,1
dilemma,1
wan,1
fight,1
quirks,1
synonim,1
wax,1
encodes,1
mysterious,1
russinovich,1
mtv,1
anew,1
gigs,1
sklearn,1
restructure,1
syscall,1
fixes,1
expertise,1
reality,1
workspace,1
welcome,1
convincing,1
overwrites,1
drop_duplicates,1
dialelo,1
grateful,1
layers,1
widge,1
ohtamaa,1
rcwesick,1
importantly,1
linewrapping,1
striking,1
omitted,1
remotely,1
checker,1
quad,1
accessed,1
shady,1
__getattribute__,1
grotty,1
recover,1
nanopi,1
vectorizer,1
evaporate,1
expertly,1
criterion,1
flawlessly,1
implications,1
sunset,1
notations,1
realizing,1
unix_http_server,1
subfolders,1
addinedge,1
whiles,1
assumping,1
pydoc,1
physically,1
send_email,1
is_staff,1
promotion,1
transition,1
inputting,1
diagnostic,1
gaping,1
set_fact,1
dive,1
restate,1
countvectorizer,1
futures,1
serving,1
builtins,1
lied,1
arduino,1
yoavaviram,1
sorted_intersection,1
scaling,1
ritchie,1
january,1
redundancy,1
orthonormal,1
newpin,1
unloaded,1
em,1
el,1
grinbergs,1
directing,1
viewseriespage,1
et,1
hist_price,1
list_item,1
amedica,1
gehrcke,1
marketing,1
pls,1
peek,1
rejects,1
tupple,1
dir_y,1
dir_x,1
nth,1
forcibly,1
ecef,1
iiuc,1
flawless,1
tolist,1
generalizations,1
concactenated,1
synonymous,1
navigator,1
rated,1
approximately,1
responded,1
pairwise,1
rejected,1
子,1
unmistakable,1
becauce,1
historical,1
unconditionally,1
hacking,1
navigate,1
ponder,1
realy,1
subjects,1
scriptb,1
sun,1
spec_from_loader,1
mimicks,1
logo,1
autoapi,1
err,1
era,1
transparency,1
erm,1
direct_view,1
pseudoterminals,1
hyphenated,1
scrollbars,1
walk_packages,1
oldformat,1
programdata,1
nuts,1
rookie,1
pizza,1
usecols,1
encompassing,1
itemgetter,1
office,1
functools,1
zen,1
satisfied,1
pascal,1
woken,1
opt_fields,1
bread,1
invariants,1
reasonably,1
variables_initializer,1
schemes,1
voting,1
fussy,1
someway,1
scenario,1
select_related,1
aid,1
dumped,1
skipping,1
timeshifted,1
canvases,1
confirmed,1
descent,1
advertising,1
raid,1
springing,1
hang,1
nix,1
hans,1
humble,1
watnedal,1
î,1
tho,1
photo,1
muliprocessor,1
belongs,1
progressed,1
designers,1
hogs,1
unfortunatly,1
calculus,1
webl,1
hassle,1
mystring,1
last_update,1
__len__,1
comprehensions,1
dictconfig,1
tony,1
guidance,1
appended,1
partial_transpose,1
hrd,1
adequate,1
rectangle,1
predecessor,1
cryptography,1
scalable,1
copmiler,1
idioms,1
explanations,1
cantrell,1
erroneous,1
observed,1
facts,1
imput,1
index_view,1
symmetric,1
cooperation,1
paster,1
ws,1
codebase,1
ncaa,1
hardcode,1
exceeds,1
fileutil,1
_bar__foo,1
columnlayout,1
formal,1
quest,1
tackling,1
concatenated,1
lefts,1
admintimewidget,1
emits,1
ticker_list,1
leverage,1
cur_index,1
facility,1
rotations,1
execute_script,1
fabric,1
waits,1
altitude,1
wordpress,1
authorized,1
reinventing,1
tornado,1
proved,1
textbook,1
accounting,1
dealer,1
slideshare,1
floor,1
actor,1
jms,1
roll,1
objectify,1
serialized,1
mypython,1
nxn,1
resource_string,1
timestamps,1
mydevpipeline,1
qwebrequest,1
gzip,1
dots,1
choicefield,1
commerce,1
sort_by,1
_set,1
logmaker,1
cumulative,1
lacks,1
http_x_forwarded_for,1
filenames,1
templated,1
echoed,1
academic,1
simulated,1
opinions,1
onchange,1
sleeps,1
rotated,1
lasso,1
ham,1
tvdb,1
substeps,1
fortran,1
east,1
lxmllinkextractor,1
occurring,1
ctime,1
funcname,1
disconnects,1
alcidesfonseca,1
whoever,1
activated,1
phonenumber,1
readouts,1
sc,1
sa,1
hiring,1
experiments,1
derive,1
thumb,1
cleanest,1
decreases,1
serparate,1
decreased,1
prepopulate,1
thereby,1
arriving,1
assert_any_call,1
squared,1
jarring,1
collisions,1
pieter,1
million,1
remainder,1
prefered,1
retrieving,1
undesirable,1
routes,1
callback_kwargs,1
jumbled,1
subplots_adjust,1
reopen,1
vote,1
introduction_to_indexes,1
sl,1
yielding,1
explored,1
blobstore,1
uneven,1
exampile,1
lin_refine_implicit,1
solver,1
lstrip,1
prediction,1
firstprograms,1
file_path,1
dropdown,1
shelve,1
subpackages,1
data_only,1
xpdf,1
logically,1
fake,1
kartbuilding,1
remediated,1
functionwrapper,1
smtp,1
behalf,1
movedown,1
overloaded,1
setresuid,1
cursors,1
hides,1
allowed,1
evidently,1
divides,1
graphiccontext,1
privilegs,1
mikemckerns,1
tweaks,1
classmethod,1
unreconstructed,1
dragons,1
caution,1
hog,1
hoc,1
sg_bin,1
syntactic,1
complaining,1
rsow,1
cheetah,1
utilise,1
clock_process_cputime_id,1
diagram,1
forwarded_for,1
fictional,1
circumstances,1
alias,1
nosuchkeythe,1
sendgrid,1
wind,1
__,1
uuid,1
_t,1
approve,1
__setstate__,1
effects,1
multidimensional,1
sqlobject,1
attachthreadtojvm,1
averse,1
locked,1
deletes,1
diff,1
javascript_catalog,1
yellow,1
wizardry,1
execve,1
subwindow,1
hacked,1
thouroghly,1
bringing,1
elevations,1
internally,1
bdist_egg,1
putch,1
expanded,1
incremented,1
scraper,1
fingers,1
hole,1
iterables,1
unwanted,1
pairings,1
lengthed,1
brought,1
coordinators,1
on_draw,1
dns,1
tokenize,1
relay,1
relax,1
brings,1
hurt,1
template_context_processors,1
bind_ip,1
dumpy,1
queued,1
enumfields,1
endfor,1
metrics,1
macbook,1
reactos,1
grahamdumpleton,1
precompute,1
gitignore,1
lessons,1
theme,1
touched,1
fstat,1
set_xlim,1
kpluglevel,1
foremost,1
simulatenously,1
woes,1
inadvertantly,1
unexpectedly,1
adsmith,1
delphi,1
propagates,1
bookmarking,1
sensor_asignado,1
frontcover,1
ipconfig,1
extent,1
triggers,1
keyspace,1
vain,1
autosummaries,1
assertequal,1
admindatewidget,1
spooling,1
concrete,1
from_iterable,1
xs,1
dst,1
dsl,1
adapt,1
rm,1
encountering,1
estimate,1
appeciate,1
exposing,1
atm,1
momment,1
recurses,1
appreciable,1
parserâ,1
instruct,1
customization,1
clarity,1
tired,1
serialising,1
crawl,1
approximations,1
ents,1
feeling,1
add_entities,1
spectrum,1
parsers,1
increment,1
dozen,1
city,1
operable,1
serverthread,1
megabytes,1
trellis,1
clarifications,1
paper,1
pane,1
roots,1
iteminfo,1
rapidly,1
randmom,1
pgerror,1
focussed,1
bash_source,1
gitlab,1
denny,1
initialised,1
thatâ,1
writbutton,1
beaglebone,1
_tkinter,1
sparingly,1
misses,1
nest,1
acorn,1
positioning,1
apiresource,1
rooted,1
thereafter,1
anonymity,1
jes,1
fuller,1
introduction,1
alphabet,1
source_suffixes,1
post_change_redirect,1
uniqueness,1
fashion,1
humongous,1
serve_forever,1
shared_keys,1
delet,1
succinct,1
amdocs,1
subview,1
reshapes,1
emulator,1
tesseract,1
tokenized,1
onliner,1
objectives,1
rhel,1
plane,1
batching,1
initiated,1
pandaic,1
corrected,1
science,1
mall,1
stated,1
new_contact,1
testcases,1
city_name,1
creature,1
upto,1
orth_,1
variant,1
focusing,1
diffusion,1
maintainability,1
survey,1
indefinite,1
laplink,1
timesteps,1
zadd,1
funk,1
tweaked,1
asssertion,1
pressed,1
evaluating,1
scheduled,1
averaging,1
vanish,1
funny,1
fetching,1
forgiveness,1
enclosed,1
unixes,1
comprehensive,1
viewing,1
lxn,1
elem,1
picks,1
send_mail,1
abbreviation,1
buriy,1
surprises,1
eager,1
atomicity,1
deprecationwarnings,1
subtasks,1
agents,1
coincidence,1
intercept,1
barely,1
defect,1
wysiwyg,1
cdbea,1
sell,1
perfomance,1
confluence,1
complementing,1
darts,1
accepting,1
mywindow,1
exc,1
cover,1
sublist,1
impact,1
wayne,1
charcter,1
spoiler,1
quizzes,1
synchronization,1
residing,1
closely,1
isthreadattachedtojvm,1
ses,1
startup,1
sex,1
seb,1
swordslayer,1
imagemagick,1
player_join,1
__missing__,1
adjust,1
scrapping,1
cliente,1
preprocessed,1
procedures,1
quack,1
setters,1
__class__,1
occuring,1
dotall,1
stretch,1
concede,1
observe,1
gwa,1
former,1
multiwalk,1
engineering,1
ive,1
pox,1
dubious,1
separatedatabaseandstate,1
verifies,1
reverts,1
wired,1
simpledoctemplate,1
inelegant,1
manifold,1
smoothspan,1
resp,1
personaly,1
recycled,1
summed,1
jo達o,1
planet,1
worries,1
color_pallete,1
omron,1
filevar,1
serde,1
lurking,1
golay,1
microcontrollers,1
acsii,1
adjusting,1
etherlink,1
printer,1
unindents,1
locfile,1
managing,1
grepping,1
alarmsubsystem,1
bottlenose,1
synchronous,1
merit,1
pydispatcher,1
inconsistent,1
unfolds,1
imagined,1
slot,1
recomended,1
mydate,1
tvdb_shownotfound,1
idproduct,1
__trace__,1
morphological,1
awaiting,1
polar,1
subqueries,1
joined,1
impossibility,1
beginners,1
buying,1
abused,1
prusse,1
none_context,1
inferable,1
gone,1
escaping,1
uis,1
associating,1
soxi,1
get_data,1
commonprefix,1
vocabulary,1
ssds,1
libc,1
externally,1
invoice_validate,1
enviroment,1
runpy,1
fairness,1
tu,1
ts,1
tg,1
norm,1
salesperson,1
interpreting,1
gfortran,1
manageable,1
cable,1
heh,1
aggregated,1
hey,1
hex,1
pythonhosted,1
wsgiserver,1
kindall,1
sumd,1
dare,1
intel,1
inter,1
satisfactory,1
datatime,1
pickled,1
qcolor,1
pickles,1
pickler,1
britz,1
nook,1
chained_assignment,1
unoptimized,1
infile,1
hadnfull,1
leadership,1
fished,1
stone,1
favorite,1
pylint_path,1
parties,1
adobe,1
conceptually,1
pathtopythonheader,1
glean,1
concern,1
justifies,1
get_by_key_name,1
hardcoding,1
outline,1
disclosure,1
lst,1
differs,1
geodetic_system,1
policy,1
transparently,1
touching,1
jsbin,1
ntlk,1
elethan,1
getitem,1
redraw,1
clock_gettime,1
reportlab,1
__deep_copy,1
nbviewer,1
lag,1
goto,1
new_file,1
runtimeerror,1
musing,1
macos,1
nssound,1
suspended,1
hardlinks,1
eyes,1
winxp,1
memo,1
continuous,1
noun,1
grow,1
ipynb,1
verge,1
codeproject,1
pyplot,1
myturtle,1
stmp,1
french,1
congestion,1
decipher,1
xrange,1
bow,1
martijn,1
simultaneous,1
rf,1
conveniently,1
flexibility,1
wealth,1
mocks,1
autosummary,1
textually,1
kiidleloop,1
arrive,1
sourcefileloader,1
microthreading,1
mongo,1
ranking,1
predict,1
charset,1
till,1
staying,1
nosetests,1
sputnick,1
cmds,1
broadcast,1
splprep,1
declaration,1
enumerated,1
parens,1
configuring,1
easyinstall,1
dated,1
grants,1
cancel,1
comprehend,1
barry,1
psexec,1
judging,1
mary,1
weeble,1
kernighan,1
encapsulation,1
insert_phone,1
antoni,1
profiles,1
hdd,1
rhodes,1
margin,1
from_json,1
characteristics,1
dedicate,1
movements,1
httpserver,1
process_exception_by_middleware,1
configurable,1
assist,1
find_all,1
satisfying,1
eliminating,1
honesty,1
silently,1
sents,1
scraping,1
get_by__id,1
gigantic,1
zsi,1
dash,1
relevantly,1
deadsnakes,1
answering,1
hotspot,1
realpath,1
itetools,1
beta,1
complaints,1
proxies,1
viewable,1
requested_season_number,1
pdoc,1
conditionals,1
pialon,1
sublime_project,1
cprofile,1
threshold,1
player_kill,1
dics,1
startswith,1
communicates,1
summary,1
tfidf,1
eating,1
imagemagik,1
question_forms,1
iâ,1
dennybritz,1
ietf,1
vairables,1
reload,1
flagged,1
decides,1
incorporating,1
enthought,1
slighly,1
cousin,1
picking,1
func_a,1
restarting,1
loader,1
replicate,1
pallete,1
webpy,1
threw,1
deeper,1
quandl_data_wiki,1
seven,1
shame,1
disappear,1
filtered,1
bells,1
unicorn,1
jealous,1
opportunity,1
thoughts,1
butter,1
comply,1
acheiving,1
imagemagic,1
usages,1
signature,1
grade,1
executions,1
coroutines,1
annotated,1
zeros,1
sensorasignado,1
semaphores,1
outputting,1
qtreeview,1
realization,1
tokens,1
preparation,1
mini,1
munging,1
sugar,1
jeren,1
seed,1
traitsui,1
chest,1
__getstate__,1
stacklevel,1
_jclass,1
inconsistency,1
mitigate,1
crossvalidation,1
deliberate,1
dox,1
speedup,1
gorakhargosh,1
timeouts,1
settled,1
fang,1
indentunit,1
oversimplification,1
fosters,1
ndarrays,1
warehouse,1
dies,1
mangling,1
journey,1
exported,1
iterm,1
market_listing_item_name,1
votetype,1
fsf,1
factorizes,1
teeth,1
run_path,1
pyspharm,1
rec_type,1
fancier,1
editors,1
bipin,1
__bool__,1
tr_a,1
ghostscript,1
dig,1
accidentally,1
greenlet,1
flask_testing,1
dis,1
cetera,1
talked,1
sale,1
copypaste,1
zeroes,1
diagnose,1
paradigm,1
versed,1
unfair,1
bandwidth,1
psyco,1
human,1
yep,1
instructed,1
agile,1
shoulder,1
add_columns,1
groupdict,1
custumizing,1
dead,1
invoice,1
precomputed,1
dense,1
pivot_tables,1
attribute_name,1
marshal,1
formerly,1
annoyance,1
preemption,1
bugfix,1
fills,1
rejected_row_count,1
reimplementation,1
attaches,1
temper,1
bane,1
macro,1
thankfull,1
forced,1
outperforms,1
win_getpass,1
tolerate,1
crutch,1
deferred,1
expandarrays,1
copy_reg,1
cents,1
stalls,1
embl,1
headless,1
wherein,1
pytest,1
asvc,1
aggregate,1
unify,1
automagically,1
myargs,1
pyflakes,1
parametric,1
write_text,1
alignment,1
alternate,1
deliberately,1
excited,1
chezou,1
disks,1
wit,1
lupefiasco,1
scrip,1
comparator,1
repertoire,1
bottle,1
popup,1
show_id,1
savitzky,1
convoluted,1
luke,1
express,1
cheaper,1
st_ino,1
templates_python,1
doubles,1
locating,1
bhatnagar,1
tended,1
visiting,1
set_keys,1
hasnext,1
effbot,1
lightness,1
floats,1
carelessness,1
whooshstore,1
upgraded,1
consume,1
asymptotically,1
upgrader,1
upgrades,1
throughout,1
importable,1
kernels,1
ensured,1
arcpy,1
mirror,1
do_something_else,1
cpickle,1
clipboard,1
failures,1
jason,1
overly,1
atlas,1
fatal,1
lftp,1
centally,1
parfor,1
semantically,1
__prepare__,1
havent,1
unsatisfied,1
callback_args,1
insertion,1
anther,1
pet,1
exercise,1
exchange,1
leveraging,1
spacing,1
insert_initial_row,1
packing,1
safer,1
irritating,1
toughing,1
remark,1
betwenn,1
webservers,1
cert,1
limb,1
presenting,1
implied,1
monit,1
calculates,1
proficient,1
_runtimeexception,1
augmenting,1
remembered,1
continuing,1
remotezip,1
lockfile,1
tabbing,1
ä,1
processor_file_name,1
next_sibling,1
my_admin,1
anotherdic,1
externalip,1
sdp,1
thetvdb,1
recomendation,1
stripped,1
documents_columns,1
popped,1
mightier,1
plugged,1
nagle,1
explaining,1
helpfull,1
lend,1
prepared,1
reflectors,1
implies,1
thomas,1
joining,1
hyperlinking,1
strptime,1
kbyte,1
decorates,1
_voltage,1
unload,1
utoronto,1
commma,1
pybarcode,1
wrapped_callback,1
facecolors,1
children,1
responsiveness,1
preserves,1
pymedia,1
doxypypy,1
translations,1
winpexpect,1
fall,1
applicable,1
phppgadmin,1
effiecient,1
assignement,1
noun_chunks,1
grabs,1
telebot,1
opted,1
swamps,1
erorr,1
ranged,1
vala,1
table_to_pdf,1
fiels,1
tedious,1
shopping,1
optmize,1
adjustments,1
aspect,1
threadedtcpserver,1
bufferred,1
web_interface_app,1
grip,1
grit,1
mcmc,1
identifying,1
serves,1
zelazny,1
reveals,1
footing,1
textvariable,1
greyscale,1
islink,1
caring,1
treating,1
xlwings,1
notably,1
despicable,1
instantaneously,1
xnx,1
mixer,1
spline,1
chats,1
buggy,1
strikes,1
subclasses,1
stretching,1
published,1
weigh,1
excels,1
open_file,1
pyexc,1
eyalarubas,1
commits,1
_classname__method,1
difficulty,1
members,1
needing,1
pos,1
build_exe,1
smoother,1
obligatory,1
para,1
gigabytes,1
selector,1
debugger,1
sizable,1
bartosz,1
percentage,1
pg_buffercache,1
drive_usage,1
donâ,1
manipulating,1
aged,1
orders,1
acid,1
inlines,1
mreggen,1
kr,1
clements,1
house,1
subsystem,1
ports,1
buttom,1
viewpost,1
wiped,1
libev,1
iteratively,1
offs,1
finalization,1
ultrasparc,1
town,1
guards,1
abandon,1
purchased,1
reindents,1
sebastianrittau,1
awkward,1
test_suite,1
petite,1
bloom,1
sudo_uid,1
rounded,1
skips,1
filters,1
suffer,1
mitdependencygraph,1
responsible,1
pad,1
values_list,1
goog,1
formulating,1
complain,1
ish,1
surprise,1
deliver,1
recommendations,1
assertionerrors,1
velocity,1
unchecking,1
commas,1
blindly,1
bananas,1
deprecationwarning,1
duncan,1
assertion,1
circle,1
std,1
trees,1
kindly,1
model_data,1
redefine,1
anyother,1
jianxun,1
mantra,1
kiran,1
artima,1
function_to_be_tested,1
catalogs,1
setresgid,1
prnt,1
respawn,1
shoehorning,1
liked,1
headed,1
langs,1
primetime,1
password_reset,1
kay,1
labs,1
dvska,1
american,1
query_string,1
sacrifice,1
doctests,1
scrolled,1
storage_api,1
deanna,1
wonderful,1
popen_spawn,1
trapped,1
popleft,1
inventing,1
sth,1
sti,1
gps,1
experiences,1
deciding,1
extents,1
unboundlocalerror,1
etags,1
urllibobject,1
putwch,1
karl,1
googleapiclient,1
lid,1
globplot,1
settitle,1
comprehended,1
oops,1
virgin,1
instantiations,1
function_of_controller_class,1
constructors,1
placing,1
translated,1
mathematical,1
woking,1
delivered,1
conditionally,1
appriciated,1
gnome,1
tracing,1
shiny,1
silence,1
searchs,1
rundeck,1
smells,1
naã,1
spawning,1
mypythonscript,1
disallowed,1
textpad,1
alive,1
utc,1
simulataneously,1
uber,1
ordered,1
surmise,1
rewriting,1
nat,1
tmp,1
__viewstate,1
critiques,1
graphically,1
setegid,1
translates,1
altough,1
interestingly,1
determination,1
folklore,1
get_response,1
nls_lang,1
干,1
studied,1
costly,1
fairer,1
hboxes,1
belong,1
pythonistic,1
wnat,1
zope,1
lambdaci,1
especified,1
exceptionpyraisable,1
foreignobject,1
sometestsuite,1
distances,1
exploits,1
cout,1
worksâ,1
guaranteed,1
transformation,1
mypackage,1
march,1
lacking,1
yukuku,1
tunings,1
terribly,1
teal,1
restricted,1
nowadays,1
endorsed,1
setprogressbar,1
dinesh,1
bless,1
guillaume,1
build_system,1
pylons,1
credits,1
bazaar,1
central,1
intent,1
inclusion,1
numerically,1
rolling,1
stare,1
appkit,1
form_valid,1
prepare,1
repartition,1
optmize_output_java,1
postive,1
miguel,1
templatesyntaxerror,1
youâ,1
scratching,1
reliability,1
nosectionerror,1
completeness,1
suites,1
codecademy,1
miracle,1
outsource,1
wacky,1
purer,1
analyzes,1
user_has_account,1
nearby,1
reindex,1
cppreference,1
cares,1
__spam,1
dictator,1
myvirtualenv,1
embeding,1
autosummary_generate,1
mbyte,1
finish,1
complained,1
dehli,1
repetitions,1
laboratories,1
heaps,1
bottlenecks,1
harddisk,1
adjusted,1
sublimetext,1
opencvs,1
mongodbforms,1
project_root,1
death,1
struct,1
mmap,1
subversion,1
swig,1
insertions,1
kernel_install,1
hyry,1
contrived,1
dbconfig,1
hannes,1
surprisingly,1
excuse,1
broke,1
producing,1
webmaster,1
reshaping,1
pushes,1
unearthly,1
fe,1
horizontal,1
unlink,1
misnamed,1
workstation,1
embracing,1
prerequisites,1
zerodivisionerror,1
ö,1
uninstall,1
hell,1
qmainwindow,1
nbagg,1
wishful,1
motivated,1
httplib,1
frozensets,1
ifs,1
resized,1
referred,1
fulltext,1
chaotic,1
conventional,1
spawned,1
humoring,1
batches,1
referring,1
rtos,1
af_inet,1
dragimage,1
unladen,1
nonetype,1
horror,1
metaclsses,1
securely,1
organizationally,1
_whereclause,1
air_date,1
pyamazon,1
louie,1
urlencode,1
nans,1
suprrisingly,1
advisable,1
colored,1
thingwasfound,1
submitters,1
market_listing_row,1
updateable,1
shuffle,1
hintjens,1
trained,1
pysftp,1
svm,1
practically,1
zooming,1
tyings,1
weblog,1
spherical,1
increasingly,1
largley,1
current_timestamp,1
mircosoft,1
nats,1
definitive,1
burden,1
xquery,1
proofs,1
__contains__,1
broad,1
demonstrated,1
screen_name,1
schematic,1
cleans,1
beige,1
equally,1
primay,1
dogfood,1
tidier,1
inspiration,1
searches,1
triangular,1
scikits,1
truncation,1
dmg,1
carriage,1
beats,1
bind_port,1
hierachical,1
resolving,1
admit,1
auth_token,1
calloway,1
freeze,1
outputted,1
surmised,1
apidoc,1
macros,1
masking,1
comparable,1
attention,1
importance,1
interfere,1
kprocess,1
paraphrasing,1
岁,1
ini,1
spewed,1
accomplishing,1
subsetted,1
get_form_list,1
quiz,1
plot_surface,1
quic,1
xlsx,1
xlsm,1
shameless,1
prettying,1
novel,1
glossary,1
getrusage,1
winspawn,1
crummy,1
disposing,1
vicious,1
serialize,1
specifics,1
moral,1
precompiled,1
leaky,1
voted,1
wary,1
warn,1
wark,1
aligned,1
degenerate,1
outputfile,1
stills,1
zrank,1
recieved,1
star,1
follwing,1
addmessage,1
virtualenvs,1
gcdc,1
banged,1
tyring,1
toolbelt,1
overcome,1
autocompleter,1
widely,1
updated_list,1
successively,1
qlistview,1
clauses,1
akavall,1
mime,1
met,1
mem,1
vectorizing,1
radimrehurek,1
methinks,1
stab,1
blogs,1
persistent,1
indirectly,1
secondly,1
render_template,1
alphadrawing,1
buddy,1
segments,1
presents,1
_ham__spam,1
lassevk,1
namespaces,1
astral,1
baking,1
skills,1
indefinitely,1
enhance,1
uncooked,1
heading,1
warns,1
proxy_auto,1
color_pallette,1
preferences,1
complexities,1
integrity,1
ftplib,1
processed,1
tuned,1
libgtk,1
directview,1
rpop,1
lpush,1
nonblock,1
historically,1
baseclass_module,1
disabling,1
retries,1
announcing,1
ride,1
misconfiguration,1
escapes,1
unprivileged,1
documenting,1
entree,1
ç,1
insufficient,1
spelling,1
jpeg_header_format,1
callables,1
quotations,1
hocs,1
account_invoice,1
parallelized,1
popularly,1
auto,1
rednaw,1
my_spreadsheet_id,1
subtraction,1
hands,1
focused,1
sã,1
commercial,1
unhelpful,1
straightforwardness,1
utilises,1
incrementing,1
gt,1
gr,1
aggregating,1
infographic,1
kate,1
excludes,1
dict_items,1
clonedpython,1
excluded,1
friendly,1
daleks,1
push_key,1
boat_links,1
unstructured,1
tradeoffs,1
trough,1
telling,1
exits,1
ryan,1
olap,1
enforce,1
django_celery,1
picker,1
waking,1
jump,1
noise,1
handy,1
brainstormed,1
modified_at,1
gesv,1
tabe,1
ephemeral,1
bigapplication,1
deploying,1
polyworks,1
pyx,1
kthread,1
pyz,1
expires,1
pyw,1
pyi,1
eachother,1
snapshot,1
actualcrawl,1
formatted,1
hls,1
nowak,1
pip_install,1
envs,1
brighter,1
employee,1
setfield,1
slows,1
tbh,1
joins,1
iteritems,1
quantifier,1
scrolling,1
httperror,1
instantiate,1
sourcetree,1
formatstring,1
unchanged,1
sp,1
separating,1
margins,1
src_id,1
maximized,1
ect,1
unutbu,1
retrived,1
maths,1
splitdatetime,1
sns,1
modelname,1
automating,1
swapped,1
resource_filename,1
unsupported,1
bastibe,1
quality,1
nbstreamreader,1
revealed,1
wrapped,1
pyprocessing,1
visser,1
suitability,1
alising,1
ben,1
beg,1
snazzy,1
providing,1
enforced,1
intentionally,1
